{
  "en": {
    "app.title": "Diet Planner",
    "nav.today": "Today",
    "nav.weekly": "Weekly",
    "nav.foods": "Foods",
    "nav.stats": "Stats",
    "summary.calories": "Calories",
    "summary.protein": "Protein",
    "summary.carbs": "Carbs",
    "summary.fat": "Fat",
    "meals.breakfast": "Breakfast",
    "meals.lunch": "Lunch",
    "meals.dinner": "Dinner",
    "meals.snacks": "Snacks",
    "meals.empty": "No foods added yet. Tap the + button to add food.",
    "foods.title": "Food Database",
    "foods.search": "Search foods...",
    "foods.no_results": "No foods found matching your search.",
    "modal.add_food": "Add Food",
    "modal.portion": "Portion (g)",
    "modal.add": "Add to Meal",
    "stats.title": "Nutrition Statistics",
    "stats.daily_intake": "Daily Intake",
    "stats.weekly_trend": "Weekly Trend",
    "weekly.items": "items",
    "weekly.no_meals": "No meals planned",
    "charts.days": "Days",
    "charts.macros": "Macros (g)",
    "charts.consumed": "Consumed",
    "charts.remaining": "Remaining",
    "charts.excess": "Excess",
    "days.monday": "Monday",
    "days.tuesday": "Tuesday",
    "days.wednesday": "Wednesday",
    "days.thursday": "Thursday",
    "days.friday": "Friday",
    "days.saturday": "Saturday",
    "days.sunday": "Sunday",
    "days.mon": "Mon",
    "days.tue": "Tue",
    "days.wed": "Wed",
    "days.thu": "Thu",
    "days.fri": "Fri",
    "days.sat": "Sat",
    "days.sun": "Sun"
  },
  "ar": {
    "app.title": "مخطط النظام الغذائي",
    "nav.today": "اليوم",
    "nav.weekly": "أسبوعي",
    "nav.foods": "الأطعمة",
    "nav.stats": "إحصائيات",
    "summary.calories": "السعرات",
    "summary.protein": "البروتين",
    "summary.carbs": "الكربوهيدرات",
    "summary.fat": "الدهون",
    "meals.breakfast": "الإفطار",
    "meals.lunch": "الغداء",
    "meals.dinner": "العشاء",
    "meals.snacks": "الوجبات الخفيفة",
    "meals.empty": "لم تتم إضافة أطعمة بعد. اضغط على زر + لإضافة طعام.",
    "foods.title": "قاعدة بيانات الطعام",
    "foods.search": "البحث عن الأطعمة...",
    "foods.no_results": "لم يتم العثور على أطعمة تطابق بحثك.",
    "modal.add_food": "إضافة طعام",
    "modal.portion": "الحصة (غرام)",
    "modal.add": "إضافة للوجبة",
    "stats.title": "إحصائيات التغذية",
    "stats.daily_intake": "الاستهلاك اليومي",
    "stats.weekly_trend": "الاتجاه الأسبوعي",
    "weekly.items": "عناصر",
    "weekly.no_meals": "لا توجد وجبات مخططة",
    "charts.days": "الأيام",
    "charts.macros": "المغذيات الكبرى (غ)",
    "charts.consumed": "مستهلك",
    "charts.remaining": "متبقي",
    "charts.excess": "فائض",
    "days.monday": "الاثنين",
    "days.tuesday": "الثلاثاء",
    "days.wednesday": "الأربعاء",
    "days.thursday": "الخميس",
    "days.friday": "الجمعة",
    "days.saturday": "السبت",
    "days.sunday": "الأحد",
    "days.mon": "الاثنين",
    "days.tue": "الثلاثاء",
    "days.wed": "الأربعاء",
    "days.thu": "الخميس",
    "days.fri": "الجمعة",
    "days.sat": "السبت",
    "days.sun": "الأحد"
  }
}
